{"IcoMoonType":"selection","icons":[{"icon":{"paths":["M438.857 201.143c-171.429 0-310.857 139.429-310.857 310.857s139.429 310.857 310.857 310.857 310.857-139.429 310.857-310.857-139.429-310.857-310.857-310.857zM877.714 512c0 242.286-196.571 438.857-438.857 438.857s-438.857-196.571-438.857-438.857 196.571-438.857 438.857-438.857v0c242.286 0 438.857 196.571 438.857 438.857z"],"attrs":[{}],"width":878,"isMulticolor":false,"isMulticolor2":false,"tags":["circle-o"],"grid":14},"attrs":[{}],"properties":{"order":1,"id":1,"prevSize":28,"code":59649,"name":"circle-o"},"setIdx":2,"setId":2,"iconIdx":1},{"icon":{"paths":["M877.714 512c0 242.286-196.571 438.857-438.857 438.857s-438.857-196.571-438.857-438.857 196.571-438.857 438.857-438.857 438.857 196.571 438.857 438.857z"],"attrs":[{}],"width":878,"isMulticolor":false,"isMulticolor2":false,"tags":["circle"],"grid":14},"attrs":[{}],"properties":{"order":12,"id":0,"prevSize":28,"code":59650,"name":"circle1"},"setIdx":2,"setId":2,"iconIdx":2},{"icon":{"paths":["M704 640c-64 64-64 128-128 128s-128-64-192-128-128-128-128-192 64-64 128-128-128-256-192-256-192 192-192 192c0 128 131.5 387.5 256 512s384 256 512 256c0 0 192-128 192-192s-192-256-256-192z"],"tags":["phone","telephone","contact","support","call"],"defaultCode":59714,"grid":16,"attrs":[]},"attrs":[],"properties":{"ligatures":"phone, telephone","name":"phone","order":3,"id":67,"prevSize":32,"code":59714},"setIdx":3,"setId":1,"iconIdx":66},{"icon":{"paths":["M928 128h-832c-52.8 0-96 43.2-96 96v640c0 52.8 43.2 96 96 96h832c52.8 0 96-43.2 96-96v-640c0-52.8-43.2-96-96-96zM398.74 550.372l-270.74 210.892v-501.642l270.74 290.75zM176.38 256h671.24l-335.62 252-335.62-252zM409.288 561.698l102.712 110.302 102.71-110.302 210.554 270.302h-626.528l210.552-270.302zM625.26 550.372l270.74-290.75v501.642l-270.74-210.892z"],"tags":["envelop","mail","email","contact","letter"],"defaultCode":59717,"grid":16,"attrs":[]},"attrs":[],"properties":{"ligatures":"envelop, mail","name":"envelop","order":2,"id":70,"prevSize":32,"code":59717},"setIdx":3,"setId":1,"iconIdx":69},{"icon":{"paths":["M512 0c-176.732 0-320 143.268-320 320 0 320 320 704 320 704s320-384 320-704c0-176.732-143.27-320-320-320zM512 512c-106.040 0-192-85.96-192-192s85.96-192 192-192 192 85.96 192 192-85.96 192-192 192z"],"tags":["location","map-marker","pin"],"defaultCode":59719,"grid":16,"attrs":[]},"attrs":[],"properties":{"ligatures":"location, map-marker","name":"location","order":13,"id":72,"prevSize":32,"code":59719},"setIdx":3,"setId":1,"iconIdx":71},{"icon":{"paths":["M448 304c0-26.4 21.6-48 48-48h32c26.4 0 48 21.6 48 48v32c0 26.4-21.6 48-48 48h-32c-26.4 0-48-21.6-48-48v-32z","M640 768h-256v-64h64v-192h-64v-64h192v256h64z","M512 0c-282.77 0-512 229.23-512 512s229.23 512 512 512 512-229.23 512-512-229.23-512-512-512zM512 928c-229.75 0-416-186.25-416-416s186.25-416 416-416 416 186.25 416 416-186.25 416-416 416z"],"tags":["info","information"],"defaultCode":59916,"grid":16,"attrs":[]},"attrs":[],"properties":{"ligatures":"info, information","name":"info","order":14,"id":269,"prevSize":32,"code":59916},"setIdx":3,"setId":1,"iconIdx":268},{"icon":{"paths":["M512 0c-282.8 0-512 229.2-512 512s229.2 512 512 512 512-229.2 512-512-229.2-512-512-512zM763.6 351l-84 395.8c-5.8 28.2-22.8 34.8-46.4 21.8l-128-94.6-61.4 59.8c-7.2 7-12.8 12.8-25.6 12.8-16.6 0-13.8-6.2-19.4-22l-43.6-143.2-126.6-39.4c-27.4-8.4-27.6-27.2 6.2-40.6l493.2-190.4c22.4-10.2 44.2 5.4 35.6 40z"],"tags":["telegram","brand","social"],"defaultCode":60053,"grid":16,"attrs":[]},"attrs":[],"properties":{"name":"telegram","ligatures":"telegram, brand15","order":5,"id":406,"prevSize":32,"code":60053},"setIdx":3,"setId":1,"iconIdx":405}],"height":1024,"metadata":{"name":"icomoon"},"preferences":{"showGlyphs":true,"showQuickUse":true,"showQuickUse2":true,"showSVGs":true,"fontPref":{"prefix":"icon-","metadata":{"fontFamily":"icomoon","majorVersion":1,"minorVersion":0},"metrics":{"emSize":1024,"baseline":6.25,"whitespace":50},"embed":false,"showSelector":true,"showMetrics":true,"resetPoint":59648,"autoHost":true},"imagePref":{"prefix":"icon-","png":true,"useClassSelector":true,"color":0,"bgColor":16777215,"classSelector":".icon","name":"icomoon"},"historySize":50,"showCodes":true,"gridSize":16,"quickUsageToken":{"UntitledProject":"NzFiMzQyZmRhMWExYjk1OGVkMGRmYmFiZjNkN2ZiNTcjMSMxNjMzNTM3MTYzIyMjYmY5MjMwMTNkNWM5"}}}